Siamese_196.jpg,11
Siamese_23.jpg,11
Siamese_71.jpg,11
Siamese_142.jpg,11
Siamese_125.jpg,11
Siamese_167.jpg,11
Siamese_59.jpg,11
Siamese_43.jpg,11
Siamese_254.jpg,11
Siamese_100.jpg,11
Siamese_90.jpg,11
Siamese_187.jpg,11
Siamese_95.jpg,11
Siamese_137.jpg,11
Siamese_188.jpg,11
Siamese_199.jpg,11
Siamese_152.jpg,11
Siamese_128.jpg,11
Siamese_69.jpg,11
Siamese_136.jpg,11
Siamese_130.jpg,11
Siamese_163.jpg,11
Siamese_66.jpg,11
Siamese_162.jpg,11
Siamese_169.jpg,11
Siamese_44.jpg,11
Siamese_179.jpg,11
Siamese_81.jpg,11
Siamese_77.jpg,11
Siamese_111.jpg,11
Siamese_210.jpg,11
Siamese_29.jpg,11
Siamese_175.jpg,11
Siamese_53.jpg,11
Siamese_60.jpg,11
Siamese_89.jpg,11
Siamese_80.jpg,11
Siamese_147.jpg,11
Siamese_117.jpg,11
Siamese_78.jpg,11
Siamese_39.jpg,11
Siamese_101.jpg,11
Siamese_6.jpg,11
Siamese_79.jpg,11
Siamese_109.jpg,11
Siamese_225.jpg,11
Siamese_70.jpg,11
Siamese_40.jpg,11
Siamese_195.jpg,11
Siamese_57.jpg,11
Siamese_164.jpg,11
Siamese_106.jpg,11
Siamese_94.jpg,11
Siamese_198.jpg,11
Siamese_88.jpg,11
Siamese_96.jpg,11
Siamese_159.jpg,11
Siamese_46.jpg,11
Siamese_182.jpg,11
Siamese_83.jpg,11
Siamese_26.jpg,11
Siamese_139.jpg,11
Siamese_32.jpg,11
Siamese_247.jpg,11
Siamese_115.jpg,11
Siamese_156.jpg,11
Siamese_76.jpg,11
Siamese_108.jpg,11
Siamese_58.jpg,11
Siamese_144.jpg,11
Siamese_224.jpg,11
Siamese_173.jpg,11
Siamese_165.jpg,11
Siamese_63.jpg,11
Siamese_74.jpg,11
Siamese_158.jpg,11
Siamese_201.jpg,11
Siamese_180.jpg,11
Siamese_116.jpg,11
Siamese_119.jpg,11
Siamese_65.jpg,11
Siamese_61.jpg,11
Siamese_157.jpg,11
Siamese_73.jpg,11
Siamese_5.jpg,11
Siamese_133.jpg,11
Siamese_206.jpg,11
Siamese_49.jpg,11
Siamese_114.jpg,11
Siamese_19.jpg,11
Siamese_170.jpg,11
Siamese_27.jpg,11
Siamese_181.jpg,11
Siamese_202.jpg,11
Siamese_98.jpg,11
Siamese_234.jpg,11
Siamese_193.jpg,11
Siamese_102.jpg,11
Siamese_86.jpg,11
Siamese_33.jpg,11
Siamese_99.jpg,11
Siamese_150.jpg,11
Siamese_31.jpg,11
Siamese_110.jpg,11
Siamese_75.jpg,11
Siamese_87.jpg,11
Siamese_141.jpg,11
Siamese_200.jpg,11
Siamese_227.jpg,11
Siamese_216.jpg,11
Siamese_168.jpg,11
Siamese_129.jpg,11
Siamese_233.jpg,11
Siamese_72.jpg,11
Siamese_228.jpg,11
Siamese_208.jpg,11
Siamese_237.jpg,11
Siamese_151.jpg,11
Siamese_204.jpg,11
Siamese_178.jpg,11
Siamese_42.jpg,11
Siamese_146.jpg,11
Siamese_82.jpg,11
Siamese_149.jpg,11
Siamese_18.jpg,11
Siamese_172.jpg,11
Siamese_183.jpg,11
Siamese_191.jpg,11
Siamese_138.jpg,11
Siamese_209.jpg,11
Siamese_160.jpg,11
Siamese_112.jpg,11
Siamese_36.jpg,11
Siamese_56.jpg,11
Siamese_85.jpg,11
Siamese_194.jpg,11
Siamese_231.jpg,11
Siamese_17.jpg,11
Siamese_55.jpg,11
Siamese_30.jpg,11
Siamese_47.jpg,11
Siamese_140.jpg,11
Siamese_24.jpg,11
Siamese_91.jpg,11
Siamese_232.jpg,11
Siamese_218.jpg,11
Siamese_34.jpg,11
Siamese_203.jpg,11
Siamese_174.jpg,11
Siamese_161.jpg,11
Siamese_97.jpg,11
Siamese_222.jpg,11
Siamese_35.jpg,11
Siamese_153.jpg,11
Siamese_113.jpg,11
Siamese_22.jpg,11
Siamese_148.jpg,11
Siamese_176.jpg,11
Siamese_9.jpg,11
Siamese_64.jpg,11
Siamese_92.jpg,11
Siamese_250.jpg,11
Siamese_25.jpg,11
Siamese_37.jpg,11
Siamese_20.jpg,11
Siamese_135.jpg,11
Siamese_52.jpg,11
Siamese_28.jpg,11
Siamese_207.jpg,11
Siamese_103.jpg,11
Siamese_238.jpg,11
Siamese_184.jpg,11
Siamese_189.jpg,11
Siamese_185.jpg,11
Siamese_120.jpg,11
Siamese_154.jpg,11
Siamese_257.jpg,11
Siamese_171.jpg,11
Siamese_126.jpg,11
Siamese_48.jpg,11
Siamese_127.jpg,11
Siamese_155.jpg,11
Siamese_205.jpg,11
Siamese_14.jpg,11
Siamese_186.jpg,11
Siamese_21.jpg,11
Siamese_54.jpg,11
Siamese_41.jpg,11
Siamese_50.jpg,11
Siamese_84.jpg,11
Siamese_131.jpg,11
Siamese_145.jpg,11
Siamese_143.jpg,11
Siamese_67.jpg,11
Siamese_51.jpg,11
Siamese_249.jpg,11
Siamese_104.jpg,11
Siamese_240.jpg,11
Siamese_122.jpg,11
Siamese_93.jpg,11
Egyptian_Mau_16.jpg,6
Egyptian_Mau_54.jpg,6
Egyptian_Mau_45.jpg,6
Egyptian_Mau_119.jpg,6
Egyptian_Mau_204.jpg,6
Egyptian_Mau_157.jpg,6
Egyptian_Mau_8.jpg,6
Egyptian_Mau_22.jpg,6
Egyptian_Mau_91.jpg,6
Egyptian_Mau_170.jpg,6
Egyptian_Mau_57.jpg,6
Egyptian_Mau_222.jpg,6
Egyptian_Mau_146.jpg,6
Egyptian_Mau_47.jpg,6
Egyptian_Mau_149.jpg,6
Egyptian_Mau_161.jpg,6
Egyptian_Mau_153.jpg,6
Egyptian_Mau_31.jpg,6
Egyptian_Mau_28.jpg,6
Egyptian_Mau_6.jpg,6
Egyptian_Mau_140.jpg,6
Egyptian_Mau_188.jpg,6
Egyptian_Mau_78.jpg,6
Egyptian_Mau_172.jpg,6
Egyptian_Mau_163.jpg,6
Egyptian_Mau_113.jpg,6
Egyptian_Mau_58.jpg,6
Egyptian_Mau_23.jpg,6
Egyptian_Mau_79.jpg,6
Egyptian_Mau_148.jpg,6
Egyptian_Mau_141.jpg,6
Egyptian_Mau_189.jpg,6
Egyptian_Mau_74.jpg,6
Egyptian_Mau_95.jpg,6
Egyptian_Mau_3.jpg,6
Egyptian_Mau_102.jpg,6
Egyptian_Mau_51.jpg,6
Egyptian_Mau_70.jpg,6
Egyptian_Mau_184.jpg,6
Egyptian_Mau_192.jpg,6
Egyptian_Mau_83.jpg,6
Egyptian_Mau_213.jpg,6
Egyptian_Mau_178.jpg,6
Egyptian_Mau_120.jpg,6
Egyptian_Mau_35.jpg,6
Egyptian_Mau_124.jpg,6
Egyptian_Mau_111.jpg,6
Egyptian_Mau_46.jpg,6
Egyptian_Mau_132.jpg,6
Egyptian_Mau_13.jpg,6
Egyptian_Mau_103.jpg,6
Egyptian_Mau_128.jpg,6
Egyptian_Mau_180.jpg,6
Egyptian_Mau_73.jpg,6
Egyptian_Mau_125.jpg,6
Egyptian_Mau_15.jpg,6
Egyptian_Mau_160.jpg,6
Egyptian_Mau_50.jpg,6
Egyptian_Mau_104.jpg,6
Egyptian_Mau_174.jpg,6
Egyptian_Mau_61.jpg,6
Egyptian_Mau_202.jpg,6
Egyptian_Mau_117.jpg,6
Egyptian_Mau_212.jpg,6
Egyptian_Mau_176.jpg,6
Egyptian_Mau_12.jpg,6
Egyptian_Mau_110.jpg,6
Egyptian_Mau_43.jpg,6
Egyptian_Mau_26.jpg,6
Egyptian_Mau_41.jpg,6
Egyptian_Mau_34.jpg,6
Egyptian_Mau_122.jpg,6
Egyptian_Mau_33.jpg,6
Egyptian_Mau_30.jpg,6
Egyptian_Mau_96.jpg,6
Egyptian_Mau_215.jpg,6
Egyptian_Mau_218.jpg,6
Egyptian_Mau_42.jpg,6
Egyptian_Mau_221.jpg,6
Egyptian_Mau_49.jpg,6
Egyptian_Mau_195.jpg,6
Egyptian_Mau_194.jpg,6
Egyptian_Mau_201.jpg,6
Egyptian_Mau_219.jpg,6
Egyptian_Mau_198.jpg,6
Egyptian_Mau_121.jpg,6
Egyptian_Mau_5.jpg,6
Egyptian_Mau_108.jpg,6
Egyptian_Mau_21.jpg,6
Egyptian_Mau_165.jpg,6
Egyptian_Mau_101.jpg,6
Egyptian_Mau_209.jpg,6
Egyptian_Mau_7.jpg,6
Egyptian_Mau_177.jpg,6
Egyptian_Mau_11.jpg,6
Egyptian_Mau_224.jpg,6
Egyptian_Mau_181.jpg,6
Egyptian_Mau_85.jpg,6
Egyptian_Mau_207.jpg,6
Egyptian_Mau_77.jpg,6
Egyptian_Mau_60.jpg,6
Egyptian_Mau_82.jpg,6
Egyptian_Mau_197.jpg,6
Egyptian_Mau_118.jpg,6
Egyptian_Mau_144.jpg,6
Egyptian_Mau_93.jpg,6
Egyptian_Mau_171.jpg,6
Egyptian_Mau_130.jpg,6
Egyptian_Mau_63.jpg,6
Egyptian_Mau_52.jpg,6
Egyptian_Mau_89.jpg,6
Egyptian_Mau_214.jpg,6
Egyptian_Mau_167.jpg,6
Egyptian_Mau_98.jpg,6
Egyptian_Mau_139.jpg,6
Egyptian_Mau_115.jpg,6
Egyptian_Mau_62.jpg,6
Egyptian_Mau_126.jpg,6
Egyptian_Mau_75.jpg,6
Egyptian_Mau_20.jpg,6
Egyptian_Mau_150.jpg,6
Egyptian_Mau_133.jpg,6
Egyptian_Mau_106.jpg,6
Egyptian_Mau_92.jpg,6
Egyptian_Mau_76.jpg,6
Egyptian_Mau_191.jpg,6
Egyptian_Mau_220.jpg,6
Egyptian_Mau_94.jpg,6
Egyptian_Mau_36.jpg,6
Egyptian_Mau_123.jpg,6
Egyptian_Mau_80.jpg,6
Egyptian_Mau_145.jpg,6
Egyptian_Mau_40.jpg,6
Egyptian_Mau_134.jpg,6
Egyptian_Mau_179.jpg,6
Egyptian_Mau_97.jpg,6
Egyptian_Mau_127.jpg,6
Egyptian_Mau_27.jpg,6
Egyptian_Mau_105.jpg,6
Egyptian_Mau_71.jpg,6
Egyptian_Mau_223.jpg,6
Egyptian_Mau_151.jpg,6
Egyptian_Mau_116.jpg,6
Egyptian_Mau_164.jpg,6
Egyptian_Mau_69.jpg,6
Egyptian_Mau_114.jpg,6
Egyptian_Mau_131.jpg,6
Egyptian_Mau_9.jpg,6
Egyptian_Mau_154.jpg,6
Egyptian_Mau_4.jpg,6
Egyptian_Mau_14.jpg,6
Egyptian_Mau_138.jpg,6
Egyptian_Mau_88.jpg,6
Egyptian_Mau_39.jpg,6
Egyptian_Mau_199.jpg,6
Egyptian_Mau_129.jpg,6
Egyptian_Mau_2.jpg,6
Egyptian_Mau_182.jpg,6
Egyptian_Mau_142.jpg,6
Egyptian_Mau_44.jpg,6
Egyptian_Mau_99.jpg,6
Egyptian_Mau_18.jpg,6
Egyptian_Mau_100.jpg,6
Egyptian_Mau_84.jpg,6
Egyptian_Mau_196.jpg,6
Egyptian_Mau_48.jpg,6
Egyptian_Mau_25.jpg,6
Egyptian_Mau_87.jpg,6
Egyptian_Mau_10.jpg,6
Egyptian_Mau_19.jpg,6
Egyptian_Mau_156.jpg,6
Egyptian_Mau_143.jpg,6
Egyptian_Mau_53.jpg,6
Egyptian_Mau_109.jpg,6
Egyptian_Mau_187.jpg,6
Egyptian_Mau_86.jpg,6
Egyptian_Mau_67.jpg,6
Egyptian_Mau_155.jpg,6
Egyptian_Mau_173.jpg,6
Egyptian_Mau_193.jpg,6
Egyptian_Mau_175.jpg,6
Egyptian_Mau_190.jpg,6
Egyptian_Mau_59.jpg,6
Egyptian_Mau_183.jpg,6
Egyptian_Mau_185.jpg,6
Egyptian_Mau_186.jpg,6
Egyptian_Mau_90.jpg,6
Egyptian_Mau_1.jpg,6
Egyptian_Mau_210.jpg,6
Egyptian_Mau_81.jpg,6
Egyptian_Mau_107.jpg,6
Egyptian_Mau_152.jpg,6
Egyptian_Mau_56.jpg,6
Egyptian_Mau_112.jpg,6
Egyptian_Mau_147.jpg,6
Egyptian_Mau_68.jpg,6
Egyptian_Mau_136.jpg,6
Egyptian_Mau_168.jpg,6
Egyptian_Mau_162.jpg,6
Egyptian_Mau_29.jpg,6
Maine_Coon_66.jpg,7
Maine_Coon_154.jpg,7
Maine_Coon_16.jpg,7
Maine_Coon_36.jpg,7
Maine_Coon_136.jpg,7
Maine_Coon_137.jpg,7
Maine_Coon_204.jpg,7
Maine_Coon_79.jpg,7
Maine_Coon_174.jpg,7
Maine_Coon_268.jpg,7
Maine_Coon_265.jpg,7
Maine_Coon_227.jpg,7
Maine_Coon_102.jpg,7
Maine_Coon_34.jpg,7
Maine_Coon_103.jpg,7
Maine_Coon_6.jpg,7
Maine_Coon_171.jpg,7
Maine_Coon_249.jpg,7
Maine_Coon_206.jpg,7
Maine_Coon_104.jpg,7
Maine_Coon_164.jpg,7
Maine_Coon_121.jpg,7
Maine_Coon_231.jpg,7
Maine_Coon_39.jpg,7
Maine_Coon_91.jpg,7
Maine_Coon_269.jpg,7
Maine_Coon_175.jpg,7
Maine_Coon_116.jpg,7
Maine_Coon_10.jpg,7
Maine_Coon_110.jpg,7
Maine_Coon_27.jpg,7
Maine_Coon_30.jpg,7
Maine_Coon_119.jpg,7
Maine_Coon_145.jpg,7
Maine_Coon_94.jpg,7
Maine_Coon_99.jpg,7
Maine_Coon_153.jpg,7
Maine_Coon_76.jpg,7
Maine_Coon_28.jpg,7
Maine_Coon_219.jpg,7
Maine_Coon_144.jpg,7
Maine_Coon_8.jpg,7
Maine_Coon_134.jpg,7
Maine_Coon_187.jpg,7
Maine_Coon_176.jpg,7
Maine_Coon_60.jpg,7
Maine_Coon_173.jpg,7
Maine_Coon_38.jpg,7
Maine_Coon_163.jpg,7
Maine_Coon_217.jpg,7
Maine_Coon_127.jpg,7
Maine_Coon_70.jpg,7
Maine_Coon_55.jpg,7
Maine_Coon_42.jpg,7
Maine_Coon_21.jpg,7
Maine_Coon_142.jpg,7
Maine_Coon_53.jpg,7
Maine_Coon_213.jpg,7
Maine_Coon_58.jpg,7
Maine_Coon_192.jpg,7
Maine_Coon_162.jpg,7
Maine_Coon_31.jpg,7
Maine_Coon_253.jpg,7
Maine_Coon_23.jpg,7
Maine_Coon_5.jpg,7
Maine_Coon_170.jpg,7
Maine_Coon_147.jpg,7
Maine_Coon_133.jpg,7
Maine_Coon_44.jpg,7
Maine_Coon_13.jpg,7
Maine_Coon_96.jpg,7
Maine_Coon_272.jpg,7
Maine_Coon_238.jpg,7
Maine_Coon_262.jpg,7
Maine_Coon_241.jpg,7
Maine_Coon_152.jpg,7
Maine_Coon_128.jpg,7
Maine_Coon_182.jpg,7
Maine_Coon_242.jpg,7
Maine_Coon_270.jpg,7
Maine_Coon_63.jpg,7
Maine_Coon_98.jpg,7
Maine_Coon_266.jpg,7
Maine_Coon_201.jpg,7
Maine_Coon_140.jpg,7
Maine_Coon_109.jpg,7
Maine_Coon_115.jpg,7
Maine_Coon_254.jpg,7
Maine_Coon_83.jpg,7
Maine_Coon_1.jpg,7
Maine_Coon_146.jpg,7
Maine_Coon_167.jpg,7
Maine_Coon_2.jpg,7
Maine_Coon_82.jpg,7
Maine_Coon_35.jpg,7
Maine_Coon_84.jpg,7
Maine_Coon_19.jpg,7
Maine_Coon_191.jpg,7
Maine_Coon_139.jpg,7
Maine_Coon_158.jpg,7
Maine_Coon_78.jpg,7
Maine_Coon_168.jpg,7
Maine_Coon_155.jpg,7
Maine_Coon_197.jpg,7
Maine_Coon_205.jpg,7
Maine_Coon_71.jpg,7
Maine_Coon_37.jpg,7
Maine_Coon_47.jpg,7
Maine_Coon_186.jpg,7
Maine_Coon_26.jpg,7
Maine_Coon_161.jpg,7
Maine_Coon_41.jpg,7
Maine_Coon_64.jpg,7
Maine_Coon_51.jpg,7
Maine_Coon_141.jpg,7
Maine_Coon_193.jpg,7
Maine_Coon_105.jpg,7
Maine_Coon_9.jpg,7
Maine_Coon_75.jpg,7
Maine_Coon_33.jpg,7
Maine_Coon_189.jpg,7
Maine_Coon_100.jpg,7
Maine_Coon_267.jpg,7
Maine_Coon_7.jpg,7
Maine_Coon_106.jpg,7
Maine_Coon_169.jpg,7
Maine_Coon_56.jpg,7
Maine_Coon_80.jpg,7
Maine_Coon_245.jpg,7
Maine_Coon_52.jpg,7
Maine_Coon_210.jpg,7
Maine_Coon_95.jpg,7
Maine_Coon_50.jpg,7
Maine_Coon_131.jpg,7
Maine_Coon_123.jpg,7
Maine_Coon_117.jpg,7
Maine_Coon_68.jpg,7
Maine_Coon_61.jpg,7
Maine_Coon_46.jpg,7
Maine_Coon_126.jpg,7
Maine_Coon_184.jpg,7
Maine_Coon_148.jpg,7
Maine_Coon_67.jpg,7
Maine_Coon_157.jpg,7
Maine_Coon_194.jpg,7
Maine_Coon_271.jpg,7
Maine_Coon_24.jpg,7
Maine_Coon_138.jpg,7
Maine_Coon_72.jpg,7
Maine_Coon_112.jpg,7
Maine_Coon_81.jpg,7
Maine_Coon_239.jpg,7
Maine_Coon_111.jpg,7
Maine_Coon_149.jpg,7
Maine_Coon_247.jpg,7
Maine_Coon_101.jpg,7
Maine_Coon_180.jpg,7
Maine_Coon_214.jpg,7
Maine_Coon_69.jpg,7
Maine_Coon_263.jpg,7
Maine_Coon_29.jpg,7
Maine_Coon_18.jpg,7
Maine_Coon_203.jpg,7
Maine_Coon_87.jpg,7
Maine_Coon_150.jpg,7
Maine_Coon_160.jpg,7
Maine_Coon_244.jpg,7
Maine_Coon_108.jpg,7
Maine_Coon_129.jpg,7
Maine_Coon_17.jpg,7
Maine_Coon_135.jpg,7
Maine_Coon_89.jpg,7
Maine_Coon_77.jpg,7
Maine_Coon_54.jpg,7
Maine_Coon_207.jpg,7
Maine_Coon_48.jpg,7
Maine_Coon_32.jpg,7
Maine_Coon_208.jpg,7
Maine_Coon_264.jpg,7
Maine_Coon_92.jpg,7
Maine_Coon_222.jpg,7
Maine_Coon_211.jpg,7
Maine_Coon_143.jpg,7
Maine_Coon_25.jpg,7
Maine_Coon_159.jpg,7
Maine_Coon_85.jpg,7
Maine_Coon_132.jpg,7
Maine_Coon_57.jpg,7
Maine_Coon_93.jpg,7
Maine_Coon_107.jpg,7
Maine_Coon_195.jpg,7
Maine_Coon_151.jpg,7
Maine_Coon_14.jpg,7
Maine_Coon_3.jpg,7
Maine_Coon_124.jpg,7
Maine_Coon_196.jpg,7
Maine_Coon_43.jpg,7
Maine_Coon_49.jpg,7
Maine_Coon_246.jpg,7
Maine_Coon_97.jpg,7
Bengal_106.jpg,2
Bengal_20.jpg,2
Bengal_8.jpg,2
Bengal_168.jpg,2
Bengal_69.jpg,2
Bengal_9.jpg,2
Bengal_33.jpg,2
Bengal_36.jpg,2
Bengal_157.jpg,2
Bengal_197.jpg,2
Bengal_86.jpg,2
Bengal_138.jpg,2
Bengal_50.jpg,2
Bengal_42.jpg,2
Bengal_76.jpg,2
Bengal_54.jpg,2
Bengal_192.jpg,2
Bengal_119.jpg,2
Bengal_116.jpg,2
Bengal_190.jpg,2
Bengal_152.jpg,2
Bengal_109.jpg,2
Bengal_91.jpg,2
Bengal_105.jpg,2
Bengal_53.jpg,2
Bengal_110.jpg,2
Bengal_59.jpg,2
Bengal_129.jpg,2
Bengal_101.jpg,2
Bengal_29.jpg,2
Bengal_48.jpg,2
Bengal_123.jpg,2
Bengal_12.jpg,2
Bengal_122.jpg,2
Bengal_140.jpg,2
Bengal_38.jpg,2
Bengal_44.jpg,2
Bengal_22.jpg,2
Bengal_87.jpg,2
Bengal_7.jpg,2
Bengal_24.jpg,2
Bengal_182.jpg,2
Bengal_137.jpg,2
Bengal_60.jpg,2
Bengal_17.jpg,2
Bengal_70.jpg,2
Bengal_187.jpg,2
Bengal_45.jpg,2
Bengal_21.jpg,2
Bengal_163.jpg,2
Bengal_26.jpg,2
Bengal_184.jpg,2
Bengal_117.jpg,2
Bengal_64.jpg,2
Bengal_153.jpg,2
Bengal_147.jpg,2
Bengal_88.jpg,2
Bengal_73.jpg,2
Bengal_114.jpg,2
Bengal_99.jpg,2
Bengal_93.jpg,2
Bengal_39.jpg,2
Bengal_71.jpg,2
Bengal_121.jpg,2
Bengal_164.jpg,2
Bengal_40.jpg,2
Bengal_84.jpg,2
Bengal_108.jpg,2
Bengal_162.jpg,2
Bengal_97.jpg,2
Bengal_96.jpg,2
Bengal_165.jpg,2
Bengal_194.jpg,2
Bengal_115.jpg,2
Bengal_74.jpg,2
Bengal_198.jpg,2
Bengal_83.jpg,2
Bengal_65.jpg,2
Bengal_132.jpg,2
Bengal_2.jpg,2
Bengal_174.jpg,2
Bengal_68.jpg,2
Bengal_178.jpg,2
Bengal_189.jpg,2
Bengal_14.jpg,2
Bengal_4.jpg,2
Bengal_128.jpg,2
Bengal_107.jpg,2
Bengal_195.jpg,2
Bengal_183.jpg,2
Bengal_155.jpg,2
Bengal_125.jpg,2
Bengal_104.jpg,2
Bengal_133.jpg,2
Bengal_63.jpg,2
Bengal_102.jpg,2
Bengal_151.jpg,2
Bengal_13.jpg,2
Bengal_186.jpg,2
Bengal_191.jpg,2
Bengal_34.jpg,2
Bengal_126.jpg,2
Bengal_112.jpg,2
Bengal_61.jpg,2
Bengal_100.jpg,2
Bengal_66.jpg,2
Bengal_158.jpg,2
Bengal_134.jpg,2
Bengal_32.jpg,2
Bengal_85.jpg,2
Bengal_3.jpg,2
Bengal_177.jpg,2
Bengal_57.jpg,2
Bengal_47.jpg,2
Bengal_200.jpg,2
Bengal_92.jpg,2
Bengal_179.jpg,2
Bengal_127.jpg,2
Bengal_170.jpg,2
Bengal_159.jpg,2
Bengal_98.jpg,2
Bengal_35.jpg,2
Bengal_176.jpg,2
Bengal_58.jpg,2
Bengal_16.jpg,2
Bengal_148.jpg,2
Bengal_11.jpg,2
Bengal_80.jpg,2
Bengal_31.jpg,2
Bengal_142.jpg,2
Bengal_193.jpg,2
Bengal_145.jpg,2
Bengal_185.jpg,2
Bengal_143.jpg,2
Bengal_103.jpg,2
Bengal_62.jpg,2
Bengal_77.jpg,2
Bengal_188.jpg,2
Bengal_149.jpg,2
Bengal_130.jpg,2
Bengal_27.jpg,2
Bengal_51.jpg,2
Bengal_131.jpg,2
Bengal_72.jpg,2
Bengal_135.jpg,2
Bengal_89.jpg,2
Bengal_160.jpg,2
Bengal_120.jpg,2
Bengal_1.jpg,2
Bengal_124.jpg,2
Bengal_78.jpg,2
Bengal_150.jpg,2
Bengal_15.jpg,2
Bengal_25.jpg,2
Bengal_49.jpg,2
Bengal_166.jpg,2
Bengal_56.jpg,2
Bengal_173.jpg,2
Bengal_55.jpg,2
Bengal_5.jpg,2
Bengal_81.jpg,2
Bengal_79.jpg,2
Bengal_175.jpg,2
Bengal_90.jpg,2
Bengal_43.jpg,2
Bengal_10.jpg,2
Bengal_18.jpg,2
Bengal_118.jpg,2
Bengal_6.jpg,2
Bengal_161.jpg,2
Bengal_154.jpg,2
Bengal_199.jpg,2
Bengal_180.jpg,2
Bengal_75.jpg,2
Bengal_46.jpg,2
Bengal_82.jpg,2
Bengal_141.jpg,2
Bengal_171.jpg,2
Bengal_139.jpg,2
Bengal_144.jpg,2
Bengal_113.jpg,2
Bengal_52.jpg,2
Bengal_156.jpg,2
Bengal_167.jpg,2
Bengal_37.jpg,2
Bengal_136.jpg,2
Bengal_172.jpg,2
Bengal_169.jpg,2
Bengal_23.jpg,2
Bengal_111.jpg,2
Bengal_67.jpg,2
Bengal_146.jpg,2
Bengal_30.jpg,2
Bengal_201.jpg,2
Bengal_196.jpg,2
Bengal_28.jpg,2
Bengal_94.jpg,2
Bengal_41.jpg,2
Bengal_95.jpg,2
Bengal_19.jpg,2
Sphynx_151.jpg,12
Sphynx_33.jpg,12
Sphynx_89.jpg,12
Sphynx_239.jpg,12
Sphynx_202.jpg,12
Sphynx_243.jpg,12
Sphynx_238.jpg,12
Sphynx_5.jpg,12
Sphynx_153.jpg,12
Sphynx_47.jpg,12
Sphynx_27.jpg,12
Sphynx_184.jpg,12
Sphynx_211.jpg,12
Sphynx_28.jpg,12
Sphynx_251.jpg,12
Sphynx_205.jpg,12
Sphynx_116.jpg,12
Sphynx_98.jpg,12
Sphynx_115.jpg,12
Sphynx_41.jpg,12
Sphynx_170.jpg,12
Sphynx_102.jpg,12
Sphynx_179.jpg,12
Sphynx_37.jpg,12
Sphynx_43.jpg,12
Sphynx_230.jpg,12
Sphynx_187.jpg,12
Sphynx_144.jpg,12
Sphynx_93.jpg,12
Sphynx_164.jpg,12
Sphynx_44.jpg,12
Sphynx_119.jpg,12
Sphynx_122.jpg,12
Sphynx_204.jpg,12
Sphynx_201.jpg,12
Sphynx_246.jpg,12
Sphynx_142.jpg,12
Sphynx_87.jpg,12
Sphynx_20.jpg,12
Sphynx_200.jpg,12
Sphynx_88.jpg,12
Sphynx_21.jpg,12
Sphynx_244.jpg,12
Sphynx_83.jpg,12
Sphynx_19.jpg,12
Sphynx_29.jpg,12
Sphynx_182.jpg,12
Sphynx_112.jpg,12
Sphynx_18.jpg,12
Sphynx_156.jpg,12
Sphynx_40.jpg,12
Sphynx_158.jpg,12
Sphynx_222.jpg,12
Sphynx_9.jpg,12
Sphynx_137.jpg,12
Sphynx_48.jpg,12
Sphynx_252.jpg,12
Sphynx_178.jpg,12
Sphynx_231.jpg,12
Sphynx_126.jpg,12
Sphynx_128.jpg,12
Sphynx_180.jpg,12
Sphynx_24.jpg,12
Sphynx_85.jpg,12
Sphynx_95.jpg,12
Sphynx_229.jpg,12
Sphynx_73.jpg,12
Sphynx_141.jpg,12
Sphynx_160.jpg,12
Sphynx_42.jpg,12
Sphynx_186.jpg,12
Sphynx_57.jpg,12
Sphynx_91.jpg,12
Sphynx_233.jpg,12
Sphynx_175.jpg,12
Sphynx_58.jpg,12
Sphynx_99.jpg,12
Sphynx_11.jpg,12
Sphynx_45.jpg,12
Sphynx_242.jpg,12
Sphynx_94.jpg,12
Sphynx_223.jpg,12
Sphynx_145.jpg,12
Sphynx_124.jpg,12
Sphynx_143.jpg,12
Sphynx_131.jpg,12
Sphynx_49.jpg,12
Sphynx_138.jpg,12
Sphynx_111.jpg,12
Sphynx_134.jpg,12
Sphynx_132.jpg,12
Sphynx_193.jpg,12
Sphynx_77.jpg,12
Sphynx_82.jpg,12
Sphynx_34.jpg,12
Sphynx_14.jpg,12
Sphynx_8.jpg,12
Sphynx_78.jpg,12
Sphynx_236.jpg,12
Sphynx_169.jpg,12
Sphynx_108.jpg,12
Sphynx_171.jpg,12
Sphynx_168.jpg,12
Sphynx_249.jpg,12
Sphynx_191.jpg,12
Sphynx_241.jpg,12
Sphynx_159.jpg,12
Sphynx_139.jpg,12
Sphynx_155.jpg,12
Sphynx_65.jpg,12
Sphynx_72.jpg,12
Sphynx_166.jpg,12
Sphynx_4.jpg,12
Sphynx_194.jpg,12
Sphynx_136.jpg,12
Sphynx_67.jpg,12
Sphynx_176.jpg,12
Sphynx_38.jpg,12
Sphynx_189.jpg,12
Sphynx_103.jpg,12
Sphynx_174.jpg,12
Sphynx_248.jpg,12
Sphynx_190.jpg,12
Sphynx_129.jpg,12
Sphynx_173.jpg,12
Sphynx_146.jpg,12
Sphynx_235.jpg,12
Sphynx_39.jpg,12
Sphynx_74.jpg,12
Sphynx_165.jpg,12
Sphynx_117.jpg,12
Sphynx_185.jpg,12
Sphynx_3.jpg,12
Sphynx_25.jpg,12
Sphynx_51.jpg,12
Sphynx_234.jpg,12
Sphynx_31.jpg,12
Sphynx_213.jpg,12
Sphynx_30.jpg,12
Sphynx_232.jpg,12
Sphynx_114.jpg,12
Sphynx_247.jpg,12
Sphynx_240.jpg,12
Sphynx_90.jpg,12
Sphynx_148.jpg,12
Sphynx_80.jpg,12
Sphynx_17.jpg,12
Sphynx_121.jpg,12
Sphynx_53.jpg,12
Sphynx_54.jpg,12
Sphynx_167.jpg,12
Sphynx_172.jpg,12
Sphynx_36.jpg,12
Sphynx_237.jpg,12
Sphynx_59.jpg,12
Sphynx_228.jpg,12
Sphynx_125.jpg,12
Sphynx_133.jpg,12
Sphynx_206.jpg,12
Sphynx_105.jpg,12
Sphynx_110.jpg,12
Sphynx_23.jpg,12
Sphynx_212.jpg,12
Sphynx_199.jpg,12
Sphynx_203.jpg,12
Sphynx_162.jpg,12
Sphynx_55.jpg,12
Sphynx_70.jpg,12
Sphynx_245.jpg,12
Sphynx_188.jpg,12
Sphynx_198.jpg,12
Sphynx_61.jpg,12
Sphynx_66.jpg,12
Sphynx_71.jpg,12
Sphynx_127.jpg,12
Sphynx_84.jpg,12
Sphynx_75.jpg,12
Sphynx_96.jpg,12
Sphynx_192.jpg,12
Sphynx_76.jpg,12
Sphynx_12.jpg,12
Sphynx_197.jpg,12
Sphynx_195.jpg,12
Sphynx_150.jpg,12
Sphynx_157.jpg,12
Sphynx_152.jpg,12
Sphynx_177.jpg,12
Sphynx_250.jpg,12
Sphynx_196.jpg,12
Sphynx_15.jpg,12
Sphynx_2.jpg,12
Sphynx_181.jpg,12
Sphynx_130.jpg,12
Sphynx_46.jpg,12
Sphynx_183.jpg,12
Sphynx_107.jpg,12
Sphynx_92.jpg,12
Sphynx_1.jpg,12
Sphynx_104.jpg,12
Sphynx_56.jpg,12
Birman_122.jpg,3
Birman_98.jpg,3
Birman_161.jpg,3
Birman_126.jpg,3
Birman_12.jpg,3
Birman_118.jpg,3
Birman_158.jpg,3
Birman_93.jpg,3
Birman_189.jpg,3
Birman_141.jpg,3
Birman_95.jpg,3
Birman_69.jpg,3
Birman_166.jpg,3
Birman_9.jpg,3
Birman_61.jpg,3
Birman_34.jpg,3
Birman_187.jpg,3
Birman_134.jpg,3
Birman_135.jpg,3
Birman_167.jpg,3
Birman_164.jpg,3
Birman_74.jpg,3
Birman_109.jpg,3
Birman_104.jpg,3
Birman_103.jpg,3
Birman_58.jpg,3
Birman_29.jpg,3
Birman_137.jpg,3
Birman_175.jpg,3
Birman_143.jpg,3
Birman_48.jpg,3
Birman_8.jpg,3
Birman_192.jpg,3
Birman_14.jpg,3
Birman_172.jpg,3
Birman_129.jpg,3
Birman_155.jpg,3
Birman_15.jpg,3
Birman_177.jpg,3
Birman_185.jpg,3
Birman_91.jpg,3
Birman_81.jpg,3
Birman_133.jpg,3
Birman_102.jpg,3
Birman_64.jpg,3
Birman_7.jpg,3
Birman_21.jpg,3
Birman_188.jpg,3
Birman_138.jpg,3
Birman_86.jpg,3
Birman_184.jpg,3
Birman_193.jpg,3
Birman_17.jpg,3
Birman_181.jpg,3
Birman_54.jpg,3
Birman_186.jpg,3
Birman_153.jpg,3
Birman_52.jpg,3
Birman_60.jpg,3
Birman_47.jpg,3
Birman_114.jpg,3
Birman_132.jpg,3
Birman_160.jpg,3
Birman_78.jpg,3
Birman_30.jpg,3
Birman_178.jpg,3
Birman_33.jpg,3
Birman_113.jpg,3
Birman_1.jpg,3
Birman_142.jpg,3
Birman_43.jpg,3
Birman_35.jpg,3
Birman_139.jpg,3
Birman_3.jpg,3
Birman_41.jpg,3
Birman_32.jpg,3
Birman_100.jpg,3
Birman_97.jpg,3
Birman_82.jpg,3
Birman_106.jpg,3
Birman_154.jpg,3
Birman_51.jpg,3
Birman_24.jpg,3
Birman_152.jpg,3
Birman_6.jpg,3
Birman_101.jpg,3
Birman_173.jpg,3
Birman_70.jpg,3
Birman_76.jpg,3
Birman_49.jpg,3
Birman_22.jpg,3
Birman_112.jpg,3
Birman_55.jpg,3
Birman_148.jpg,3
Birman_80.jpg,3
Birman_46.jpg,3
Birman_168.jpg,3
Birman_120.jpg,3
Birman_117.jpg,3
Birman_84.jpg,3
Birman_136.jpg,3
Birman_171.jpg,3
Birman_190.jpg,3
Birman_123.jpg,3
Birman_18.jpg,3
Birman_38.jpg,3
Birman_199.jpg,3
Birman_119.jpg,3
Birman_150.jpg,3
Birman_13.jpg,3
Birman_39.jpg,3
Birman_140.jpg,3
Birman_197.jpg,3
Birman_65.jpg,3
Birman_44.jpg,3
Birman_116.jpg,3
Birman_25.jpg,3
Birman_183.jpg,3
Birman_163.jpg,3
Birman_37.jpg,3
Birman_72.jpg,3
Birman_201.jpg,3
Birman_53.jpg,3
Birman_105.jpg,3
Birman_56.jpg,3
Birman_196.jpg,3
Birman_159.jpg,3
Birman_71.jpg,3
Birman_85.jpg,3
Birman_11.jpg,3
Birman_42.jpg,3
Birman_111.jpg,3
Birman_157.jpg,3
Birman_50.jpg,3
Birman_67.jpg,3
Birman_144.jpg,3
Birman_10.jpg,3
Birman_28.jpg,3
Birman_176.jpg,3
Birman_147.jpg,3
Birman_79.jpg,3
Birman_169.jpg,3
Birman_89.jpg,3
Birman_68.jpg,3
Birman_127.jpg,3
Birman_66.jpg,3
Birman_87.jpg,3
Birman_16.jpg,3
Birman_19.jpg,3
Birman_83.jpg,3
Birman_131.jpg,3
Birman_110.jpg,3
Birman_182.jpg,3
Birman_170.jpg,3
Birman_57.jpg,3
Birman_151.jpg,3
Birman_40.jpg,3
Birman_194.jpg,3
Birman_115.jpg,3
Birman_130.jpg,3
Birman_92.jpg,3
Birman_149.jpg,3
Birman_23.jpg,3
Birman_179.jpg,3
Birman_174.jpg,3
Birman_198.jpg,3
Birman_165.jpg,3
Birman_45.jpg,3
Birman_200.jpg,3
Birman_26.jpg,3
Birman_124.jpg,3
Birman_99.jpg,3
Birman_191.jpg,3
Birman_31.jpg,3
Birman_20.jpg,3
Birman_75.jpg,3
Birman_125.jpg,3
Birman_121.jpg,3
Birman_90.jpg,3
Birman_2.jpg,3
Birman_5.jpg,3
Birman_27.jpg,3
Birman_162.jpg,3
Birman_73.jpg,3
Birman_146.jpg,3
Birman_108.jpg,3
Birman_88.jpg,3
Birman_145.jpg,3
Birman_96.jpg,3
Birman_94.jpg,3
Birman_77.jpg,3
Birman_63.jpg,3
Birman_156.jpg,3
Birman_180.jpg,3
Birman_36.jpg,3
Birman_4.jpg,3
Birman_107.jpg,3
Birman_59.jpg,3
Birman_128.jpg,3
Birman_62.jpg,3
British_Shorthair_166.jpg,5
British_Shorthair_17.jpg,5
British_Shorthair_62.jpg,5
British_Shorthair_27.jpg,5
British_Shorthair_258.jpg,5
British_Shorthair_108.jpg,5
British_Shorthair_117.jpg,5
British_Shorthair_120.jpg,5
British_Shorthair_74.jpg,5
British_Shorthair_113.jpg,5
British_Shorthair_72.jpg,5
British_Shorthair_187.jpg,5
British_Shorthair_139.jpg,5
British_Shorthair_172.jpg,5
British_Shorthair_65.jpg,5
British_Shorthair_183.jpg,5
British_Shorthair_186.jpg,5
British_Shorthair_198.jpg,5
British_Shorthair_165.jpg,5
British_Shorthair_54.jpg,5
British_Shorthair_134.jpg,5
British_Shorthair_114.jpg,5
British_Shorthair_205.jpg,5
British_Shorthair_189.jpg,5
British_Shorthair_269.jpg,5
British_Shorthair_270.jpg,5
British_Shorthair_84.jpg,5
British_Shorthair_21.jpg,5
British_Shorthair_56.jpg,5
British_Shorthair_271.jpg,5
British_Shorthair_121.jpg,5
British_Shorthair_78.jpg,5
British_Shorthair_266.jpg,5
British_Shorthair_159.jpg,5
British_Shorthair_103.jpg,5
British_Shorthair_115.jpg,5
British_Shorthair_278.jpg,5
British_Shorthair_9.jpg,5
British_Shorthair_42.jpg,5
British_Shorthair_102.jpg,5
British_Shorthair_98.jpg,5
British_Shorthair_148.jpg,5
British_Shorthair_36.jpg,5
British_Shorthair_75.jpg,5
British_Shorthair_209.jpg,5
British_Shorthair_16.jpg,5
British_Shorthair_141.jpg,5
British_Shorthair_100.jpg,5
British_Shorthair_201.jpg,5
British_Shorthair_135.jpg,5
British_Shorthair_109.jpg,5
British_Shorthair_241.jpg,5
British_Shorthair_173.jpg,5
British_Shorthair_52.jpg,5
British_Shorthair_96.jpg,5
British_Shorthair_32.jpg,5
British_Shorthair_59.jpg,5
British_Shorthair_230.jpg,5
British_Shorthair_128.jpg,5
British_Shorthair_137.jpg,5
British_Shorthair_30.jpg,5
British_Shorthair_86.jpg,5
British_Shorthair_87.jpg,5
British_Shorthair_3.jpg,5
British_Shorthair_263.jpg,5
British_Shorthair_47.jpg,5
British_Shorthair_174.jpg,5
British_Shorthair_67.jpg,5
British_Shorthair_163.jpg,5
British_Shorthair_8.jpg,5
British_Shorthair_184.jpg,5
British_Shorthair_92.jpg,5
British_Shorthair_160.jpg,5
British_Shorthair_151.jpg,5
British_Shorthair_176.jpg,5
British_Shorthair_268.jpg,5
British_Shorthair_207.jpg,5
British_Shorthair_31.jpg,5
British_Shorthair_101.jpg,5
British_Shorthair_10.jpg,5
British_Shorthair_53.jpg,5
British_Shorthair_6.jpg,5
British_Shorthair_61.jpg,5
British_Shorthair_22.jpg,5
British_Shorthair_265.jpg,5
British_Shorthair_116.jpg,5
British_Shorthair_125.jpg,5
British_Shorthair_154.jpg,5
British_Shorthair_145.jpg,5
British_Shorthair_182.jpg,5
British_Shorthair_203.jpg,5
British_Shorthair_168.jpg,5
British_Shorthair_153.jpg,5
British_Shorthair_44.jpg,5
British_Shorthair_89.jpg,5
British_Shorthair_167.jpg,5
British_Shorthair_41.jpg,5
British_Shorthair_155.jpg,5
British_Shorthair_66.jpg,5
British_Shorthair_70.jpg,5
British_Shorthair_93.jpg,5
British_Shorthair_267.jpg,5
British_Shorthair_169.jpg,5
British_Shorthair_118.jpg,5
British_Shorthair_58.jpg,5
British_Shorthair_130.jpg,5
British_Shorthair_28.jpg,5
British_Shorthair_129.jpg,5
British_Shorthair_94.jpg,5
British_Shorthair_170.jpg,5
British_Shorthair_106.jpg,5
British_Shorthair_178.jpg,5
British_Shorthair_274.jpg,5
British_Shorthair_49.jpg,5
British_Shorthair_37.jpg,5
British_Shorthair_162.jpg,5
British_Shorthair_90.jpg,5
British_Shorthair_95.jpg,5
British_Shorthair_85.jpg,5
British_Shorthair_88.jpg,5
British_Shorthair_46.jpg,5
British_Shorthair_200.jpg,5
British_Shorthair_223.jpg,5
British_Shorthair_119.jpg,5
British_Shorthair_212.jpg,5
British_Shorthair_50.jpg,5
British_Shorthair_68.jpg,5
British_Shorthair_57.jpg,5
British_Shorthair_276.jpg,5
British_Shorthair_63.jpg,5
British_Shorthair_105.jpg,5
British_Shorthair_140.jpg,5
British_Shorthair_104.jpg,5
British_Shorthair_29.jpg,5
British_Shorthair_64.jpg,5
British_Shorthair_60.jpg,5
British_Shorthair_38.jpg,5
British_Shorthair_199.jpg,5
British_Shorthair_197.jpg,5
British_Shorthair_124.jpg,5
British_Shorthair_2.jpg,5
British_Shorthair_210.jpg,5
British_Shorthair_18.jpg,5
British_Shorthair_91.jpg,5
British_Shorthair_107.jpg,5
British_Shorthair_25.jpg,5
British_Shorthair_164.jpg,5
British_Shorthair_190.jpg,5
British_Shorthair_43.jpg,5
British_Shorthair_180.jpg,5
British_Shorthair_122.jpg,5
British_Shorthair_179.jpg,5
British_Shorthair_71.jpg,5
British_Shorthair_177.jpg,5
British_Shorthair_111.jpg,5
British_Shorthair_157.jpg,5
British_Shorthair_175.jpg,5
British_Shorthair_218.jpg,5
British_Shorthair_126.jpg,5
British_Shorthair_15.jpg,5
British_Shorthair_45.jpg,5
British_Shorthair_149.jpg,5
British_Shorthair_99.jpg,5
British_Shorthair_55.jpg,5
British_Shorthair_193.jpg,5
British_Shorthair_181.jpg,5
British_Shorthair_127.jpg,5
British_Shorthair_123.jpg,5
British_Shorthair_110.jpg,5
British_Shorthair_272.jpg,5
British_Shorthair_97.jpg,5
British_Shorthair_51.jpg,5
British_Shorthair_112.jpg,5
British_Shorthair_239.jpg,5
British_Shorthair_83.jpg,5
British_Shorthair_79.jpg,5
British_Shorthair_144.jpg,5
British_Shorthair_26.jpg,5
British_Shorthair_204.jpg,5
British_Shorthair_40.jpg,5
British_Shorthair_196.jpg,5
British_Shorthair_277.jpg,5
British_Shorthair_133.jpg,5
British_Shorthair_136.jpg,5
British_Shorthair_195.jpg,5
British_Shorthair_39.jpg,5
British_Shorthair_34.jpg,5
British_Shorthair_188.jpg,5
British_Shorthair_48.jpg,5
British_Shorthair_82.jpg,5
British_Shorthair_275.jpg,5
British_Shorthair_156.jpg,5
British_Shorthair_77.jpg,5
British_Shorthair_161.jpg,5
British_Shorthair_248.jpg,5
British_Shorthair_273.jpg,5
British_Shorthair_213.jpg,5
British_Shorthair_33.jpg,5
British_Shorthair_185.jpg,5
British_Shorthair_158.jpg,5
Ragdoll_137.jpg,9
Ragdoll_78.jpg,9
Ragdoll_20.jpg,9
Ragdoll_174.jpg,9
Ragdoll_95.jpg,9
Ragdoll_101.jpg,9
Ragdoll_74.jpg,9
Ragdoll_146.jpg,9
Ragdoll_163.jpg,9
Ragdoll_228.jpg,9
Ragdoll_135.jpg,9
Ragdoll_208.jpg,9
Ragdoll_62.jpg,9
Ragdoll_106.jpg,9
Ragdoll_160.jpg,9
Ragdoll_205.jpg,9
Ragdoll_192.jpg,9
Ragdoll_94.jpg,9
Ragdoll_140.jpg,9
Ragdoll_168.jpg,9
Ragdoll_2.jpg,9
Ragdoll_43.jpg,9
Ragdoll_81.jpg,9
Ragdoll_114.jpg,9
Ragdoll_75.jpg,9
Ragdoll_51.jpg,9
Ragdoll_133.jpg,9
Ragdoll_176.jpg,9
Ragdoll_88.jpg,9
Ragdoll_224.jpg,9
Ragdoll_76.jpg,9
Ragdoll_49.jpg,9
Ragdoll_117.jpg,9
Ragdoll_193.jpg,9
Ragdoll_4.jpg,9
Ragdoll_235.jpg,9
Ragdoll_201.jpg,9
Ragdoll_179.jpg,9
Ragdoll_184.jpg,9
Ragdoll_44.jpg,9
Ragdoll_194.jpg,9
Ragdoll_80.jpg,9
Ragdoll_115.jpg,9
Ragdoll_191.jpg,9
Ragdoll_3.jpg,9
Ragdoll_99.jpg,9
Ragdoll_156.jpg,9
Ragdoll_33.jpg,9
Ragdoll_1.jpg,9
Ragdoll_254.jpg,9
Ragdoll_155.jpg,9
Ragdoll_178.jpg,9
Ragdoll_89.jpg,9
Ragdoll_139.jpg,9
Ragdoll_142.jpg,9
Ragdoll_98.jpg,9
Ragdoll_69.jpg,9
Ragdoll_263.jpg,9
Ragdoll_103.jpg,9
Ragdoll_210.jpg,9
Ragdoll_153.jpg,9
Ragdoll_96.jpg,9
Ragdoll_255.jpg,9
Ragdoll_41.jpg,9
Ragdoll_166.jpg,9
Ragdoll_262.jpg,9
Ragdoll_257.jpg,9
Ragdoll_258.jpg,9
Ragdoll_97.jpg,9
Ragdoll_64.jpg,9
Ragdoll_111.jpg,9
Ragdoll_149.jpg,9
Ragdoll_147.jpg,9
Ragdoll_151.jpg,9
Ragdoll_85.jpg,9
Ragdoll_172.jpg,9
Ragdoll_91.jpg,9
Ragdoll_40.jpg,9
Ragdoll_261.jpg,9
Ragdoll_104.jpg,9
Ragdoll_195.jpg,9
Ragdoll_84.jpg,9
Ragdoll_52.jpg,9
Ragdoll_173.jpg,9
Ragdoll_54.jpg,9
Ragdoll_183.jpg,9
Ragdoll_161.jpg,9
Ragdoll_170.jpg,9
Ragdoll_204.jpg,9
Ragdoll_234.jpg,9
Ragdoll_145.jpg,9
Ragdoll_127.jpg,9
Ragdoll_197.jpg,9
Ragdoll_181.jpg,9
Ragdoll_13.jpg,9
Ragdoll_116.jpg,9
Ragdoll_169.jpg,9
Ragdoll_122.jpg,9
Ragdoll_158.jpg,9
Ragdoll_5.jpg,9
Ragdoll_250.jpg,9
Ragdoll_10.jpg,9
Ragdoll_83.jpg,9
Ragdoll_118.jpg,9
Ragdoll_202.jpg,9
Ragdoll_37.jpg,9
Ragdoll_126.jpg,9
Ragdoll_87.jpg,9
Ragdoll_199.jpg,9
Ragdoll_67.jpg,9
Ragdoll_79.jpg,9
Ragdoll_131.jpg,9
Ragdoll_105.jpg,9
Ragdoll_68.jpg,9
Ragdoll_159.jpg,9
Ragdoll_143.jpg,9
Ragdoll_164.jpg,9
Ragdoll_182.jpg,9
Ragdoll_6.jpg,9
Ragdoll_129.jpg,9
Ragdoll_188.jpg,9
Ragdoll_93.jpg,9
Ragdoll_42.jpg,9
Ragdoll_113.jpg,9
Ragdoll_187.jpg,9
Ragdoll_186.jpg,9
Ragdoll_26.jpg,9
Ragdoll_260.jpg,9
Ragdoll_107.jpg,9
Ragdoll_45.jpg,9
Ragdoll_56.jpg,9
Ragdoll_90.jpg,9
Ragdoll_190.jpg,9
Ragdoll_36.jpg,9
Ragdoll_124.jpg,9
Ragdoll_7.jpg,9
Ragdoll_265.jpg,9
Ragdoll_136.jpg,9
Ragdoll_138.jpg,9
Ragdoll_165.jpg,9
Ragdoll_154.jpg,9
Ragdoll_12.jpg,9
Ragdoll_119.jpg,9
Ragdoll_31.jpg,9
Ragdoll_148.jpg,9
Ragdoll_58.jpg,9
Ragdoll_252.jpg,9
Ragdoll_63.jpg,9
Ragdoll_25.jpg,9
Ragdoll_9.jpg,9
Ragdoll_132.jpg,9
Ragdoll_130.jpg,9
Ragdoll_152.jpg,9
Ragdoll_92.jpg,9
Ragdoll_8.jpg,9
Ragdoll_47.jpg,9
Ragdoll_24.jpg,9
Ragdoll_100.jpg,9
Ragdoll_57.jpg,9
Ragdoll_134.jpg,9
Ragdoll_34.jpg,9
Ragdoll_53.jpg,9
Ragdoll_82.jpg,9
Ragdoll_162.jpg,9
Ragdoll_185.jpg,9
Ragdoll_259.jpg,9
Ragdoll_141.jpg,9
Ragdoll_264.jpg,9
Ragdoll_110.jpg,9
Ragdoll_175.jpg,9
Ragdoll_150.jpg,9
Ragdoll_180.jpg,9
Ragdoll_198.jpg,9
Ragdoll_29.jpg,9
Ragdoll_60.jpg,9
Ragdoll_71.jpg,9
Ragdoll_72.jpg,9
Ragdoll_112.jpg,9
Ragdoll_227.jpg,9
Ragdoll_219.jpg,9
Ragdoll_16.jpg,9
Ragdoll_59.jpg,9
Ragdoll_203.jpg,9
Ragdoll_86.jpg,9
Ragdoll_30.jpg,9
Ragdoll_245.jpg,9
Ragdoll_177.jpg,9
Ragdoll_121.jpg,9
Ragdoll_73.jpg,9
Ragdoll_48.jpg,9
Ragdoll_18.jpg,9
Ragdoll_77.jpg,9
Ragdoll_196.jpg,9
Ragdoll_189.jpg,9
Ragdoll_125.jpg,9
Ragdoll_32.jpg,9
Ragdoll_35.jpg,9
Ragdoll_128.jpg,9
Ragdoll_27.jpg,9
Ragdoll_171.jpg,9
Persian_271.jpg,8
Persian_41.jpg,8
Persian_45.jpg,8
Persian_17.jpg,8
Persian_27.jpg,8
Persian_121.jpg,8
Persian_30.jpg,8
Persian_165.jpg,8
Persian_85.jpg,8
Persian_1.jpg,8
Persian_269.jpg,8
Persian_53.jpg,8
Persian_147.jpg,8
Persian_22.jpg,8
Persian_166.jpg,8
Persian_65.jpg,8
Persian_54.jpg,8
Persian_32.jpg,8
Persian_184.jpg,8
Persian_206.jpg,8
Persian_150.jpg,8
Persian_70.jpg,8
Persian_76.jpg,8
Persian_80.jpg,8
Persian_193.jpg,8
Persian_21.jpg,8
Persian_78.jpg,8
Persian_140.jpg,8
Persian_155.jpg,8
Persian_259.jpg,8
Persian_257.jpg,8
Persian_55.jpg,8
Persian_163.jpg,8
Persian_64.jpg,8
Persian_263.jpg,8
Persian_107.jpg,8
Persian_103.jpg,8
Persian_16.jpg,8
Persian_91.jpg,8
Persian_14.jpg,8
Persian_11.jpg,8
Persian_118.jpg,8
Persian_123.jpg,8
Persian_95.jpg,8
Persian_71.jpg,8
Persian_192.jpg,8
Persian_29.jpg,8
Persian_194.jpg,8
Persian_182.jpg,8
Persian_144.jpg,8
Persian_104.jpg,8
Persian_133.jpg,8
Persian_51.jpg,8
Persian_2.jpg,8
Persian_187.jpg,8
Persian_52.jpg,8
Persian_117.jpg,8
Persian_171.jpg,8
Persian_261.jpg,8
Persian_266.jpg,8
Persian_25.jpg,8
Persian_143.jpg,8
Persian_116.jpg,8
Persian_270.jpg,8
Persian_10.jpg,8
Persian_161.jpg,8
Persian_176.jpg,8
Persian_262.jpg,8
Persian_185.jpg,8
Persian_256.jpg,8
Persian_181.jpg,8
Persian_90.jpg,8
Persian_159.jpg,8
Persian_268.jpg,8
Persian_9.jpg,8
Persian_3.jpg,8
Persian_56.jpg,8
Persian_190.jpg,8
Persian_69.jpg,8
Persian_114.jpg,8
Persian_62.jpg,8
Persian_36.jpg,8
Persian_106.jpg,8
Persian_37.jpg,8
Persian_158.jpg,8
Persian_100.jpg,8
Persian_272.jpg,8
Persian_196.jpg,8
Persian_128.jpg,8
Persian_18.jpg,8
Persian_213.jpg,8
Persian_94.jpg,8
Persian_125.jpg,8
Persian_87.jpg,8
Persian_264.jpg,8
Persian_31.jpg,8
Persian_34.jpg,8
Persian_145.jpg,8
Persian_19.jpg,8
Persian_102.jpg,8
Persian_60.jpg,8
Persian_132.jpg,8
Persian_59.jpg,8
Persian_67.jpg,8
Persian_68.jpg,8
Persian_156.jpg,8
Persian_137.jpg,8
Persian_160.jpg,8
Persian_47.jpg,8
Persian_82.jpg,8
Persian_162.jpg,8
Persian_46.jpg,8
Persian_99.jpg,8
Persian_74.jpg,8
Persian_200.jpg,8
Persian_195.jpg,8
Persian_131.jpg,8
Persian_15.jpg,8
Persian_239.jpg,8
Persian_255.jpg,8
Persian_172.jpg,8
Persian_122.jpg,8
Persian_43.jpg,8
Persian_149.jpg,8
Persian_111.jpg,8
Persian_58.jpg,8
Persian_5.jpg,8
Persian_89.jpg,8
Persian_28.jpg,8
Persian_66.jpg,8
Persian_202.jpg,8
Persian_258.jpg,8
Persian_152.jpg,8
Persian_174.jpg,8
Persian_164.jpg,8
Persian_61.jpg,8
Persian_129.jpg,8
Persian_141.jpg,8
Persian_75.jpg,8
Persian_228.jpg,8
Persian_169.jpg,8
Persian_189.jpg,8
Persian_191.jpg,8
Persian_112.jpg,8
Persian_138.jpg,8
Persian_224.jpg,8
Persian_217.jpg,8
Persian_186.jpg,8
Persian_63.jpg,8
Persian_221.jpg,8
Persian_197.jpg,8
Persian_98.jpg,8
Persian_260.jpg,8
Persian_115.jpg,8
Persian_4.jpg,8
Persian_86.jpg,8
Persian_79.jpg,8
Persian_88.jpg,8
Persian_168.jpg,8
Persian_120.jpg,8
Persian_20.jpg,8
Persian_101.jpg,8
Persian_265.jpg,8
Persian_233.jpg,8
Persian_139.jpg,8
Persian_39.jpg,8
Persian_83.jpg,8
Persian_179.jpg,8
Persian_44.jpg,8
Persian_183.jpg,8
Persian_97.jpg,8
Persian_26.jpg,8
Persian_38.jpg,8
Persian_84.jpg,8
Persian_7.jpg,8
Persian_135.jpg,8
Persian_273.jpg,8
Persian_49.jpg,8
Persian_81.jpg,8
Persian_134.jpg,8
Persian_12.jpg,8
Persian_72.jpg,8
Persian_201.jpg,8
Persian_175.jpg,8
Persian_153.jpg,8
Persian_136.jpg,8
Persian_6.jpg,8
Persian_267.jpg,8
Persian_77.jpg,8
Persian_188.jpg,8
Persian_180.jpg,8
Persian_108.jpg,8
Persian_42.jpg,8
Persian_8.jpg,8
Persian_126.jpg,8
Persian_13.jpg,8
Persian_105.jpg,8
Persian_170.jpg,8
Persian_40.jpg,8
Persian_173.jpg,8
Russian_Blue_98.jpg,10
Russian_Blue_193.jpg,10
Russian_Blue_10.jpg,10
Russian_Blue_176.jpg,10
Russian_Blue_31.jpg,10
Russian_Blue_137.jpg,10
Russian_Blue_49.jpg,10
Russian_Blue_96.jpg,10
Russian_Blue_28.jpg,10
Russian_Blue_143.jpg,10
Russian_Blue_83.jpg,10
Russian_Blue_35.jpg,10
Russian_Blue_82.jpg,10
Russian_Blue_172.jpg,10
Russian_Blue_69.jpg,10
Russian_Blue_27.jpg,10
Russian_Blue_84.jpg,10
Russian_Blue_77.jpg,10
Russian_Blue_237.jpg,10
Russian_Blue_94.jpg,10
Russian_Blue_171.jpg,10
Russian_Blue_78.jpg,10
Russian_Blue_29.jpg,10
Russian_Blue_100.jpg,10
Russian_Blue_133.jpg,10
Russian_Blue_118.jpg,10
Russian_Blue_48.jpg,10
Russian_Blue_36.jpg,10
Russian_Blue_150.jpg,10
Russian_Blue_109.jpg,10
Russian_Blue_92.jpg,10
Russian_Blue_113.jpg,10
Russian_Blue_203.jpg,10
Russian_Blue_244.jpg,10
Russian_Blue_158.jpg,10
Russian_Blue_71.jpg,10
Russian_Blue_33.jpg,10
Russian_Blue_64.jpg,10
Russian_Blue_226.jpg,10
Russian_Blue_197.jpg,10
Russian_Blue_185.jpg,10
Russian_Blue_175.jpg,10
Russian_Blue_129.jpg,10
Russian_Blue_63.jpg,10
Russian_Blue_99.jpg,10
Russian_Blue_177.jpg,10
Russian_Blue_9.jpg,10
Russian_Blue_157.jpg,10
Russian_Blue_205.jpg,10
Russian_Blue_57.jpg,10
Russian_Blue_24.jpg,10
Russian_Blue_116.jpg,10
Russian_Blue_208.jpg,10
Russian_Blue_128.jpg,10
Russian_Blue_149.jpg,10
Russian_Blue_170.jpg,10
Russian_Blue_40.jpg,10
Russian_Blue_53.jpg,10
Russian_Blue_201.jpg,10
Russian_Blue_232.jpg,10
Russian_Blue_88.jpg,10
Russian_Blue_151.jpg,10
Russian_Blue_194.jpg,10
Russian_Blue_30.jpg,10
Russian_Blue_59.jpg,10
Russian_Blue_192.jpg,10
Russian_Blue_76.jpg,10
Russian_Blue_18.jpg,10
Russian_Blue_17.jpg,10
Russian_Blue_159.jpg,10
Russian_Blue_239.jpg,10
Russian_Blue_147.jpg,10
Russian_Blue_66.jpg,10
Russian_Blue_136.jpg,10
Russian_Blue_132.jpg,10
Russian_Blue_195.jpg,10
Russian_Blue_173.jpg,10
Russian_Blue_123.jpg,10
Russian_Blue_148.jpg,10
Russian_Blue_180.jpg,10
Russian_Blue_104.jpg,10
Russian_Blue_165.jpg,10
Russian_Blue_211.jpg,10
Russian_Blue_184.jpg,10
Russian_Blue_119.jpg,10
Russian_Blue_16.jpg,10
Russian_Blue_117.jpg,10
Russian_Blue_70.jpg,10
Russian_Blue_154.jpg,10
Russian_Blue_80.jpg,10
Russian_Blue_12.jpg,10
Russian_Blue_222.jpg,10
Russian_Blue_220.jpg,10
Russian_Blue_139.jpg,10
Russian_Blue_142.jpg,10
Russian_Blue_61.jpg,10
Russian_Blue_202.jpg,10
Russian_Blue_19.jpg,10
Russian_Blue_102.jpg,10
Russian_Blue_127.jpg,10
Russian_Blue_209.jpg,10
Russian_Blue_212.jpg,10
Russian_Blue_74.jpg,10
Russian_Blue_1.jpg,10
Russian_Blue_174.jpg,10
Russian_Blue_112.jpg,10
Russian_Blue_188.jpg,10
Russian_Blue_199.jpg,10
Russian_Blue_178.jpg,10
Russian_Blue_145.jpg,10
Russian_Blue_89.jpg,10
Russian_Blue_20.jpg,10
Russian_Blue_131.jpg,10
Russian_Blue_204.jpg,10
Russian_Blue_200.jpg,10
Russian_Blue_54.jpg,10
Russian_Blue_67.jpg,10
Russian_Blue_110.jpg,10
Russian_Blue_32.jpg,10
Russian_Blue_122.jpg,10
Russian_Blue_108.jpg,10
Russian_Blue_41.jpg,10
Russian_Blue_135.jpg,10
Russian_Blue_13.jpg,10
Russian_Blue_101.jpg,10
Russian_Blue_93.jpg,10
Russian_Blue_120.jpg,10
Russian_Blue_258.jpg,10
Russian_Blue_179.jpg,10
Russian_Blue_196.jpg,10
Russian_Blue_198.jpg,10
Russian_Blue_264.jpg,10
Russian_Blue_155.jpg,10
Russian_Blue_114.jpg,10
Russian_Blue_156.jpg,10
Russian_Blue_107.jpg,10
Russian_Blue_152.jpg,10
Russian_Blue_228.jpg,10
Russian_Blue_125.jpg,10
Russian_Blue_81.jpg,10
Russian_Blue_86.jpg,10
Russian_Blue_72.jpg,10
Russian_Blue_50.jpg,10
Russian_Blue_14.jpg,10
Russian_Blue_236.jpg,10
Russian_Blue_68.jpg,10
Russian_Blue_161.jpg,10
Russian_Blue_187.jpg,10
Russian_Blue_90.jpg,10
Russian_Blue_103.jpg,10
Russian_Blue_73.jpg,10
Russian_Blue_95.jpg,10
Russian_Blue_38.jpg,10
Russian_Blue_221.jpg,10
Russian_Blue_8.jpg,10
Russian_Blue_263.jpg,10
Russian_Blue_60.jpg,10
Russian_Blue_206.jpg,10
Russian_Blue_182.jpg,10
Russian_Blue_207.jpg,10
Russian_Blue_43.jpg,10
Russian_Blue_130.jpg,10
Russian_Blue_124.jpg,10
Russian_Blue_87.jpg,10
Russian_Blue_79.jpg,10
Russian_Blue_166.jpg,10
Russian_Blue_140.jpg,10
Russian_Blue_240.jpg,10
Russian_Blue_62.jpg,10
Russian_Blue_253.jpg,10
Russian_Blue_144.jpg,10
Russian_Blue_97.jpg,10
Russian_Blue_242.jpg,10
Russian_Blue_153.jpg,10
Russian_Blue_34.jpg,10
Russian_Blue_160.jpg,10
Russian_Blue_164.jpg,10
Russian_Blue_169.jpg,10
Russian_Blue_146.jpg,10
Russian_Blue_85.jpg,10
Russian_Blue_106.jpg,10
Russian_Blue_47.jpg,10
Russian_Blue_216.jpg,10
Russian_Blue_183.jpg,10
Russian_Blue_111.jpg,10
Russian_Blue_115.jpg,10
Russian_Blue_75.jpg,10
Russian_Blue_21.jpg,10
Russian_Blue_181.jpg,10
Russian_Blue_262.jpg,10
Russian_Blue_91.jpg,10
Russian_Blue_168.jpg,10
Russian_Blue_44.jpg,10
Russian_Blue_186.jpg,10
Russian_Blue_215.jpg,10
Russian_Blue_191.jpg,10
Russian_Blue_51.jpg,10
Russian_Blue_45.jpg,10
Russian_Blue_162.jpg,10
Russian_Blue_55.jpg,10
Abyssinian_178.jpg,1
Abyssinian_143.jpg,1
Abyssinian_226.jpg,1
Abyssinian_96.jpg,1
Abyssinian_60.jpg,1
Abyssinian_17.jpg,1
Abyssinian_78.jpg,1
Abyssinian_52.jpg,1
Abyssinian_185.jpg,1
Abyssinian_151.jpg,1
Abyssinian_168.jpg,1
Abyssinian_192.jpg,1
Abyssinian_202.jpg,1
Abyssinian_6.jpg,1
Abyssinian_11.jpg,1
Abyssinian_73.jpg,1
Abyssinian_45.jpg,1
Abyssinian_4.jpg,1
Abyssinian_104.jpg,1
Abyssinian_105.jpg,1
Abyssinian_75.jpg,1
Abyssinian_210.jpg,1
Abyssinian_67.jpg,1
Abyssinian_205.jpg,1
Abyssinian_116.jpg,1
Abyssinian_81.jpg,1
Abyssinian_54.jpg,1
Abyssinian_159.jpg,1
Abyssinian_115.jpg,1
Abyssinian_49.jpg,1
Abyssinian_173.jpg,1
Abyssinian_123.jpg,1
Abyssinian_191.jpg,1
Abyssinian_152.jpg,1
Abyssinian_24.jpg,1
Abyssinian_99.jpg,1
Abyssinian_119.jpg,1
Abyssinian_206.jpg,1
Abyssinian_7.jpg,1
Abyssinian_215.jpg,1
Abyssinian_169.jpg,1
Abyssinian_43.jpg,1
Abyssinian_101.mat,1
Abyssinian_57.jpg,1
Abyssinian_110.jpg,1
Abyssinian_144.jpg,1
Abyssinian_190.jpg,1
Abyssinian_228.jpg,1
Abyssinian_84.jpg,1
Abyssinian_122.jpg,1
Abyssinian_128.jpg,1
Abyssinian_213.jpg,1
Abyssinian_113.jpg,1
Abyssinian_161.jpg,1
Abyssinian_107.jpg,1
Abyssinian_133.jpg,1
Abyssinian_16.jpg,1
Abyssinian_164.jpg,1
Abyssinian_83.jpg,1
Abyssinian_146.jpg,1
Abyssinian_167.jpg,1
Abyssinian_136.jpg,1
Abyssinian_101.jpg,1
Abyssinian_40.jpg,1
Abyssinian_195.jpg,1
Abyssinian_224.jpg,1
Abyssinian_140.jpg,1
Abyssinian_175.jpg,1
Abyssinian_9.jpg,1
Abyssinian_141.jpg,1
Abyssinian_196.jpg,1
Abyssinian_121.jpg,1
Abyssinian_87.jpg,1
Abyssinian_117.jpg,1
Abyssinian_135.jpg,1
Abyssinian_77.jpg,1
Abyssinian_76.jpg,1
Abyssinian_129.jpg,1
Abyssinian_221.jpg,1
Abyssinian_176.jpg,1
Abyssinian_82.jpg,1
Abyssinian_170.jpg,1
Abyssinian_149.jpg,1
Abyssinian_139.jpg,1
Abyssinian_204.jpg,1
Abyssinian_92.jpg,1
Abyssinian_106.jpg,1
Abyssinian_109.jpg,1
Abyssinian_183.jpg,1
Abyssinian_160.jpg,1
Abyssinian_70.jpg,1
Abyssinian_223.jpg,1
Abyssinian_182.jpg,1
Abyssinian_25.jpg,1
Abyssinian_145.jpg,1
Abyssinian_72.jpg,1
Abyssinian_12.jpg,1
Abyssinian_19.jpg,1
Abyssinian_150.jpg,1
Abyssinian_154.jpg,1
Abyssinian_80.jpg,1
Abyssinian_58.jpg,1
Abyssinian_212.jpg,1
Abyssinian_197.jpg,1
Abyssinian_225.jpg,1
Abyssinian_89.jpg,1
Abyssinian_15.jpg,1
Abyssinian_27.jpg,1
Abyssinian_166.jpg,1
Abyssinian_125.jpg,1
Abyssinian_220.jpg,1
Abyssinian_232.jpg,1
Abyssinian_22.jpg,1
Abyssinian_30.jpg,1
Abyssinian_207.jpg,1
Abyssinian_47.jpg,1
Abyssinian_94.jpg,1
Abyssinian_130.jpg,1
Abyssinian_158.jpg,1
Abyssinian_111.jpg,1
Abyssinian_155.jpg,1
Abyssinian_68.jpg,1
Abyssinian_14.jpg,1
Abyssinian_79.jpg,1
Abyssinian_137.jpg,1
Abyssinian_126.jpg,1
Abyssinian_88.jpg,1
Abyssinian_36.jpg,1
Abyssinian_201.jpg,1
Abyssinian_69.jpg,1
Abyssinian_179.jpg,1
Abyssinian_157.jpg,1
Abyssinian_61.jpg,1
Abyssinian_138.jpg,1
Abyssinian_34.jpg,1
Abyssinian_230.jpg,1
Abyssinian_56.jpg,1
Abyssinian_50.jpg,1
Abyssinian_18.jpg,1
Abyssinian_217.jpg,1
Abyssinian_85.jpg,1
Abyssinian_148.jpg,1
Abyssinian_112.jpg,1
Abyssinian_90.jpg,1
Abyssinian_62.jpg,1
Abyssinian_153.jpg,1
Abyssinian_29.jpg,1
Abyssinian_124.jpg,1
Abyssinian_102.mat,1
Abyssinian_44.jpg,1
Abyssinian_172.jpg,1
Abyssinian_46.jpg,1
Abyssinian_102.jpg,1
Abyssinian_97.jpg,1
Abyssinian_51.jpg,1
Abyssinian_37.jpg,1
Abyssinian_65.jpg,1
Abyssinian_1.jpg,1
Abyssinian_184.jpg,1
Abyssinian_156.jpg,1
Abyssinian_134.jpg,1
Abyssinian_13.jpg,1
Abyssinian_55.jpg,1
Abyssinian_26.jpg,1
Abyssinian_219.jpg,1
Abyssinian_66.jpg,1
Abyssinian_32.jpg,1
Abyssinian_132.jpg,1
Abyssinian_100.mat,1
Abyssinian_48.jpg,1
Abyssinian_93.jpg,1
Abyssinian_177.jpg,1
Abyssinian_193.jpg,1
Abyssinian_216.jpg,1
Abyssinian_33.jpg,1
Abyssinian_181.jpg,1
Abyssinian_63.jpg,1
Abyssinian_8.jpg,1
Abyssinian_10.jpg,1
Abyssinian_120.jpg,1
Abyssinian_180.jpg,1
Abyssinian_174.jpg,1
Abyssinian_20.jpg,1
Abyssinian_103.jpg,1
Abyssinian_108.jpg,1
Abyssinian_2.jpg,1
Abyssinian_74.jpg,1
Abyssinian_114.jpg,1
Abyssinian_98.jpg,1
Abyssinian_5.jpg,1
Abyssinian_118.jpg,1
Abyssinian_31.jpg,1
Abyssinian_165.jpg,1
Abyssinian_127.jpg,1
Abyssinian_131.jpg,1
Abyssinian_71.jpg,1
Abyssinian_100.jpg,1
Abyssinian_91.jpg,1
Abyssinian_142.jpg,1
Abyssinian_86.jpg,1
Abyssinian_21.jpg,1
Abyssinian_95.jpg,1
Abyssinian_3.jpg,1
Bombay_69.jpg,4
Bombay_47.jpg,4
Bombay_180.jpg,4
Bombay_119.jpg,4
Bombay_24.jpg,4
Bombay_203.jpg,4
Bombay_193.jpg,4
Bombay_164.jpg,4
Bombay_109.jpg,4
Bombay_125.jpg,4
Bombay_135.jpg,4
Bombay_152.jpg,4
Bombay_7.jpg,4
Bombay_184.jpg,4
Bombay_176.jpg,4
Bombay_201.jpg,4
Bombay_19.jpg,4
Bombay_114.jpg,4
Bombay_22.jpg,4
Bombay_191.jpg,4
Bombay_16.jpg,4
Bombay_34.jpg,4
Bombay_131.jpg,4
Bombay_148.jpg,4
Bombay_130.jpg,4
Bombay_39.jpg,4
Bombay_67.jpg,4
Bombay_156.jpg,4
Bombay_155.jpg,4
Bombay_21.jpg,4
Bombay_110.jpg,4
Bombay_12.jpg,4
Bombay_42.jpg,4
Bombay_103.jpg,4
Bombay_181.jpg,4
Bombay_54.jpg,4
Bombay_66.jpg,4
Bombay_112.jpg,4
Bombay_105.jpg,4
Bombay_133.jpg,4
Bombay_59.jpg,4
Bombay_20.jpg,4
Bombay_79.jpg,4
Bombay_3.jpg,4
Bombay_95.jpg,4
Bombay_121.jpg,4
Bombay_182.jpg,4
Bombay_61.jpg,4
Bombay_167.jpg,4
Bombay_84.jpg,4
Bombay_58.jpg,4
Bombay_200.jpg,4
Bombay_179.jpg,4
Bombay_157.jpg,4
Bombay_220.jpg,4
Bombay_86.jpg,4
Bombay_221.jpg,4
Bombay_122.jpg,4
Bombay_202.jpg,4
Bombay_46.jpg,4
Bombay_30.jpg,4
Bombay_186.jpg,4
Bombay_68.jpg,4
Bombay_189.jpg,4
Bombay_72.jpg,4
Bombay_49.jpg,4
Bombay_14.jpg,4
Bombay_208.jpg,4
Bombay_1.jpg,4
Bombay_80.jpg,4
Bombay_98.jpg,4
Bombay_154.jpg,4
Bombay_88.jpg,4
Bombay_55.jpg,4
Bombay_172.jpg,4
Bombay_198.jpg,4
Bombay_27.jpg,4
Bombay_101.jpg,4
Bombay_170.jpg,4
Bombay_75.jpg,4
Bombay_73.jpg,4
Bombay_40.jpg,4
Bombay_168.jpg,4
Bombay_32.jpg,4
Bombay_113.jpg,4
Bombay_23.jpg,4
Bombay_111.jpg,4
Bombay_163.jpg,4
Bombay_100.jpg,4
Bombay_116.jpg,4
Bombay_85.jpg,4
Bombay_134.jpg,4
Bombay_74.jpg,4
Bombay_97.jpg,4
Bombay_171.jpg,4
Bombay_209.jpg,4
Bombay_214.jpg,4
Bombay_175.jpg,4
Bombay_192.jpg,4
Bombay_213.jpg,4
Bombay_140.jpg,4
Bombay_77.jpg,4
Bombay_150.jpg,4
Bombay_104.jpg,4
Bombay_126.jpg,4
Bombay_9.jpg,4
Bombay_146.jpg,4
Bombay_153.jpg,4
Bombay_158.jpg,4
Bombay_15.jpg,4
Bombay_108.jpg,4
Bombay_81.jpg,4
Bombay_102.jpg,4
Bombay_132.jpg,4
Bombay_138.jpg,4
Bombay_107.jpg,4
Bombay_177.jpg,4
Bombay_38.jpg,4
Bombay_6.jpg,4
Bombay_37.jpg,4
Bombay_91.jpg,4
Bombay_160.jpg,4
Bombay_13.jpg,4
Bombay_50.jpg,4
Bombay_29.jpg,4
Bombay_123.jpg,4
Bombay_56.jpg,4
Bombay_188.jpg,4
Bombay_25.jpg,4
Bombay_36.jpg,4
Bombay_129.jpg,4
Bombay_144.jpg,4
Bombay_18.jpg,4
Bombay_205.jpg,4
Bombay_48.jpg,4
Bombay_96.jpg,4
Bombay_57.jpg,4
Bombay_92.jpg,4
Bombay_45.jpg,4
Bombay_106.jpg,4
Bombay_145.jpg,4
Bombay_204.jpg,4
Bombay_139.jpg,4
Bombay_120.jpg,4
Bombay_178.jpg,4
Bombay_71.jpg,4
Bombay_11.jpg,4
Bombay_89.jpg,4
Bombay_63.jpg,4
Bombay_185.jpg,4
Bombay_136.jpg,4
Bombay_82.jpg,4
Bombay_183.jpg,4
Bombay_65.jpg,4
Bombay_143.jpg,4
Bombay_151.jpg,4
Bombay_215.jpg,4
Bombay_127.jpg,4
Bombay_118.jpg,4
Bombay_190.jpg,4
Bombay_173.jpg,4
Bombay_174.jpg,4
Bombay_115.jpg,4
Bombay_87.jpg,4
Bombay_141.jpg,4
Bombay_83.jpg,4
Bombay_78.jpg,4
Bombay_10.jpg,4
Bombay_93.jpg,4
Bombay_159.jpg,4
Bombay_137.jpg,4
Bombay_94.jpg,4
Bombay_31.jpg,4
Bombay_161.jpg,4
Bombay_33.jpg,4
Bombay_52.jpg,4
Bombay_62.jpg,4
Bombay_8.jpg,4
Bombay_41.jpg,4
Bombay_43.jpg,4
Bombay_26.jpg,4
Bombay_5.jpg,4
Bombay_70.jpg,4
Bombay_210.jpg,4
Bombay_64.jpg,4
Bombay_99.jpg,4
Bombay_128.jpg,4
Bombay_53.jpg,4
Bombay_169.jpg,4
Bombay_4.jpg,4
Bombay_2.jpg,4
Bombay_162.jpg,4
Bombay_90.jpg,4
Bombay_166.jpg,4
Bombay_60.jpg,4
Bombay_217.jpg,4
Bombay_76.jpg,4
Bombay_194.jpg,4
Bombay_117.jpg,4
Bombay_206.jpg,4
